No,국문 항공사명,IATA,국가
1,대한항공,KE,대한민국
2,아시아나 항공,OZ,대한민국
3,제주 항공,7C,대한민국
4,진에어,LJ,대한민국
5,에어 부산,BX,대한민국
6,이스타항공,ZE,대한민국
7,티웨이 항공,TW,대한민국
8,에어 서울,RS,대한민국
9,에어프레미아,YP,대한민국
10,에어로 K,RF,대한민국
11,파라타항공,WE,대한민국
12,에어제타,KJ,대한민국
13,섬에어,XU,대한민국
14,21 에어,2I,미합중국
15,40 마일 에어,Q5,미합중국
16,748 항공서비스,FE,케냐
17,9 에어,AQ,중국
18,ABX 에어,GB,미합중국
19,ALS 리미티드,K4,케냐
20,ASL 벨기에 항공,3V,벨기에
21,ASL 프랑스 항공,5O,프랑스
22,ATSA 페루,4A,페루
23,BA 시티플라이어,CJ,영국
24,BA 유로플라이어,A0,영국
25,BBN 항공,B5,튀르키예공화국
26,BH 에어,8H,불가리아
27,CM 항공,H5,온두라스
28,CMA CGM 화물항공,2C,프랑스
29,CSA 체코 항공,OK,체코
30,DAT 항공,DX,덴마크
31,DHL 과테말라,L3,과테말라
32,DHL 국제항공 ME,ES,바레인
33,DHL 에어 영국,D0,영국
34,DHL 에어 오스트리아,Q7,오스트리아
35,DHL 에어로 익스프레스,D5,파나마
36,DHL 에콰도르,7T,에콰도르
37,ETF 항공,LI,크로아티아
38,FITS 항공,8D,스리랑카
39,FTL항공,C0,프랑스
40,GP 항공,IV,불가리아
41,IBC 항공,II,미합중국
42,ITA항공,AZ,이탈리아
43,JSX 항공,XE,미합중국
44,KF 카고,FK,캐나다
45,KLM 네덜란드 항공,KL,네덜란드
46,LEAV 항공,KK,독일
47,LOT 폴란드 항공,LO,폴란드
48,M 제트 인터내셔널 ,WW,말레이시아
49,MHS 항공,M2,독일
50,MIAT 몽골 항공,OM,몽골
51,MRK 항공,6V,우크라이나
52,PAL 항공 캐나다,PB,캐나다
53,PNG 항공,CG,파푸아뉴기니
54,PSA 항공,OH,미합중국
55,SANSA 항공,RZ,코스타리카
56,SAS 랑공,SK,스웨덴
57,SAS 연결,SL,아일랜드
58,SATA 에어 아조레스,SP,포르투갈
59,SF 항공,O3,중국
60,SKS 항공,KI,말레이시아
61,SOSA 항공,S0,온두라스
62,STP 항공,8F,상투메프린시페
63,TAAG 항공,DT,앙골라
64,TACA 페루,T0,페루
65,TAP 익스프레스,TP,포르투갈
66,TAP 항공 포르투갈,TP,포르투갈
67,TAROM 항공,RO,루마니아
68,TUI 플라이,X3,독일
69,TUI 플라이 노르딕,6B,스웨덴
70,TUI 플라이 벨기에,TB,벨기에
71,UPS,5X,미합중국
72,USA 제트 항공,UJ,미합중국
73,UVT 항공,RT,러시아
74,가루다 인도네시아 항공,GA,인도네시아
75,걸리버 항공,G2,불가리아
76,걸프앤캐리비안항공,IF,미합중국
77,걸프항공,GF,바레인
78,겟젯 항공,GW,리투아니아
79,고려항공,JS,조선민주주의인민공화국
80,고젯 항공,G7,미합중국
81,고투스카이,6G,슬로바키아
82,골 항공,G3,브라질
83,골든 미얀마 항공,Y5,미얀마
84,골든베이 항공,G1,뉴질랜드
85,광시 베이부 걸프 항공,GX,중국
86,그랜드캐년 항공,YR,미합중국
87,그랜트 항공,GV,미합중국
88,그레이터 베이 항공,HB,홍콩
89,그린아프리카 항공,Q9,나이지리아
90,글로벌 아프리카 항공,Z5,짐바브웨
91,글로벌 크로싱 항공,G6,미합중국
92,글로벌 항공 운영,GE,남아프리카공화국
93,나우루 항공,ON,나우루
94,나제르 항공,NJ,니제르
95,나티레바 에어 모아나,NM,프랑스령 폴리네시아
96,남 에어,IN,인도네시아
97,남아프리카 항공,SA,남아프리카공화국
98,내셔널 항공,9Y,에티오피아
99,네스마 사우디아라비아 항공,NA,사우디아라비아
100,네스마 이집트 항공,NE,이집트
101,네오스 항공,NO,이탈리아
102,네팔 항공,RA,네팔연방
103,넷제트,1I,미합중국
104,노던 에어 카고,NC,미합중국
105,노드스타 항공,Y7,러시아
106,노드윈드 항공,N4,러시아
107,노르디카,ND,에스토니아
108,노르딕 리저널 항공,N7,핀란드
109,노르스 애틀랜틱 영국,Z0,영국
110,노르스 애틀랜틱 항공,N0,노르웨이
111,노르웨이 항공 셔틀 AOC,DY,노르웨이
112,노르웨이 항공 셔틀 ASA,DY,노르웨이
113,노르웨이 항공 스웨덴 AOC,D8,스웨덴
114,노마드 항공,NA,스위스
115,노바 항공 아르메니아,NG,아르메니아
116,노보에어,VQ,방글라데시
117,노스 스타 에어카고,0N,캐나다
118,노스라이트 항공,HW,캐나다
119,노스웨스턴 에어 리스,J3,캐나다
120,녹 에어,DD,태국
121,놀리노르 항공,N5,캐나다
122,누벨레어 튀니지,BJ,튀니지
123,뉴 잉글랜드 항공,EJ,미합중국
124,닉스 에어,OJ,에스토니아
125,단에어,DN,루마니아
126,달로 항공,D3,지부티
127,델타항공,DL,미합중국
128,독일 항공,ZQ,독일
129,디비 디비 에어,3R,퀴라소
130,디어제트항공,DF,중국
131,라 코스테나,LC,니카라과
132,라 콤페니,B0,프랑스
133,라노 에어,R4,나이지리아
134,라오스 스카이웨이,LK,라오스
135,라오스 항공,QV,라오스
136,라이언 에어서비스,7S,미합중국
137,라이언에어,FR,아일랜드
138,라이언에어 영국,RK,영국
139,라이온 항공,JT,인도네시아
140,라이트 에어 서비스,8V,미합중국
141,라탐 카고 칠레,UC,칠레
142,라탐 카고 콜롬비아,L7,콜롬비아
143,라탐 항공,LA,칠레
144,라탐 항공 브라질,JJ,브라질
145,라탐 항공 에콰도르,XL,에콰도르
146,라탐 항공 칠레,LA,칠레
147,라탐 항공 콜롬비아,4C,콜롬비아
148,라탐 항공 파라과이,PZ,파라과이
149,라탐 항공 페루,LP,페루
150,람 모잠비크 항공,TM,모잠비크
151,럭스윙,BN,몰타
152,럭키 에어,8L,중국
153,레더윙즈,WZ,러시아
154,레드 에어,L5,도미니카공화국
155,레이븐 알라스카,7H,미합중국
156,레인도 유나이티드서비스,R0,인도네시아
157,레전드 항공,LC,루마니아
158,로간에어,LM,영국
159,로시야 항공,FV,러시아
160,로얄 모로코 항공,AT,모로코
161,로얄 에어 필리핀,RW,필리핀
162,로얄 요르단 항공,RJ,요르단
163,로타나 제트 항공,RG,아랍에미리트
164,루미윙스,L9,그리스
165,루타카 항공,5R,베네수엘라볼리바르
166,루프트한자,LH,독일
167,루프트한자 시티라인,CL,독일
168,루프트한자 카고,LH,독일
169,루프트한자시티항공,VL,독일
170,룩스에어,LG,룩셈부르크
171,룸카고,NJ,루마니아
172,룽 항공,GJ,중국
173,룽장 항공,LT,중국
174,르완다 항공,WB,르완다
175,리비아 윙스,YL,리비아
176,리저널 스카이,4P,미합중국
177,리저널 항공 서비스,8N,탄자니아
178,리저널 화물,F2,멕시코
179,린든 항공화물,L2,미합중국
180,림분 에어,RI,인도네시아
181,링크 항공,FC,호주
182,마그니 차터스,UJ,멕시코
183,마라부,DI,에스토니아
184,마라톤 항공,O8,그리스
185,마르틴에어,MP,네덜란드
186,마비곡 항공,4M,튀르키예공화국
187,마스,M7,멕시코
188,마스윙스,MY,말레이시아
189,마야 아일랜드 항공,2M,벨리즈
190,마이 인도 항공,2Y,인도네시아
191,마이 프라이터 항공,C6,우즈베키스탄
192,마이웨이 항공,MJ,조지아
193,마이카고항공,9T,튀르키예공화국
194,만다린 항공,AE,대만
195,만야다나폰 항공,7Y,미얀마
196,만타 에어,NR,몰디브
197,말레스 항공,DB,몰타
198,말레이시아 항공,MH,말레이시아
199,맥스 항공 나이지리아,VM,나이지리아
200,머큐리 월드 카고,4X,미합중국
201,메다비아,N5,몰타
202,메드스키 항공,BM,리비아
203,메사 항공,YV,미합중국
204,모던 로지스틱스,WD,브라질
205,몰디비안,Q2,몰디브
206,몰타 메드에어,MT,몰타
207,몽골 화물항공,XF,몽골
208,미들 이스트 항공 ,ME,레바논
209,미스트랄 항공,M4,이탈리아
210,미얀마 국영항공,UB,미얀마
211,미얀마 국제항공,8M,미얀마
212,바드르 항공,J4,수단
213,바틱 에어 인도네시아,ID,인도네시아
214,방콕항공,PG,태국
215,밸류제트,VK,나이지리아
216,뱀부 항공,QH,베트남
217,버니크 항공,NB,리비아
218,버자야 에어,J8,말레이시아
219,버즈,RR,폴란드
220,버진 애틀랜틱 항공,VS,영국
221,버진 오스트레일리아,VA,호주
222,버짓 라인,BD,태국
223,베링항공,8E,미합중국
224,베미지 항공,CH,미합중국
225,베어스킨 항공사,JV,캐나다
226,베트남 항공,VN,베트남
227,베트남 항공 서비스,0V,베트남
228,본자항공,AB,호주
229,볼가-드뇌프르 항공,VI,러시아
230,볼라리스 엘살바도르,N3,엘살바도르
231,볼라리스 코스타리카,Q6,코스타리카
232,볼라리스 항공,Y4,멕시코
233,볼로테아,V7,스페인
234,볼리비아 항공,OB,볼리비아
235,볼리비아 항공 운송,2L,볼리비아
236,부다 에어,U4,네팔연방
237,부라키 항공,UZ,리비아
238,부엘링 항공,VY,스페인
239,부탄 항공,B3,부탄
240,부티크 에어,4B,미합중국
241,북경수도항공,JD,중국
242,불가리아 항공,FB,불가리아
243,브라덴스 지역항공,TF,스웨덴
244,브라바 항공,NT,브라질
245,브라텐스 국제항공,TT,스웨덴
246,브랜슨 에어 익스프레스,1X,미합중국
247,브뤼셀 항공,SN,벨기에
248,브리즈 항공,MX,미합중국
249,블루 아일랜드,SI,영국
250,비만 방글라데시 항공,BG,방글라데시
251,비바 에어로버스,VB,멕시코
252,비에케스 에어링크,V4,푸에르토리코
253,비엣젯 항공,VJ,베트남
254,비온드 항공,B4,몰디브
255,비즈니스 항공 센터,UQ,우크라이나
256,빈터 카나리아스,NT,스페인
257,사모아 에어웨이,OL,사모아
258,사모아 항공,OL,사모아
259,사우디아 항공,SV,사우디아라비아
260,사우리야항공,S1,네팔연방
261,사우스웨스트 항공,WN,미합중국
262,사우스윈드 항공,2S,튀르키예공화국
263,사테나 항공,9R,콜롬비아
264,사파리 링크 항공,F2,케냐
265,사파리 익스프레스 카고,ZF,케냐
266,사페어,FA,남아프리카공화국
267,살람 에어,OV,오만
268,살사 다아이티,SO,아이티
269,상해 항공,FM,중국
270,샤먼 항공,MF,중국
271,샤프 항공,SH,호주
272,샬레어 항공,CE,프랑스
273,서던에어 차터,PL,바하마
274,선 컨트리 항공,SY,미합중국
275,선댄스 항공 베네수엘라,R8,베네수엘라볼리바르
276,선데어,SR,독일
277,선도르 국제항공,2U,이스라엘
278,선라이즈 항공,S6,아이티
279,선스플래시 항공 LLC,YH,미합중국
280,선윙 항공,WG,캐나다
281,선전 항공,ZH,중국
282,세린 에어,ER,파키스탄
283,세버스탈 에어컴퍼니,D2,러시아
284,세부 퍼시픽 항공,5J,필리핀
285,세브고,DG,필리핀
286,세이프 에어 컴퍼니,K3,케냐
287,세인트바스 커뮤터,PV,생바르텔레미
288,세페란항공,IS,이란
289,센터럴 마운틴에어,9M,캐나다
290,셈에어,5Z,남아프리카공화국
291,소몬에어,SZ,타지키스탄
292,솔렌타 항공 모잠비크,FW,모잠비크
293,솔로몬 항공,IE,솔로몬제도
294,솔리네어,SP,슬로베니아
295,송버드 항공,SK,미합중국
296,수난 루이리 항공,DR,중국
297,수단 항공,SD,수단
298,수리남 항공,PY,수리남
299,수파르나 항공,Y8,중국
300,슈리 항공,N9,네팔연방
301,슈퍼에어 제트,IU,인도네시아
302,스마트링스 항공,6Y,라트비아
303,스마트링스 항공 몰타,2N,몰타
304,스마트윙스,QS,체코
305,스마트윙스 슬로바키아,6D,슬로바키아
306,스마트윙스 폴란드,3Z,폴란드
307,스마트윙스 헝가리,7O,헝가리
308,스모키베이 에어,2E,미합중국
309,스위스 국제 항공,LX,스위스
310,스위프트에어,WT,스페인
311,스카이 KG 항공,Y3,키르기즈공화국
312,스카이 셔틀 헬리콥터스 리미티드,3E,홍콩
313,스카이 익스프레스,GQ,그리스
314,스카이 항공,S8,방글라데시
315,스카이라인 익스프레스,QU,우크라이나
316,스카이리스 카고,GG,미합중국
317,스카이마크 항공,BC,일본
318,스카이업,PQ,우크라이나
319,스카이업 MT,U5,몰타
320,스카이워드 익스프레스,OW,케냐
321,스카이웨스트 항공,OO,미합중국
322,스카이웨이 코스타리카,LC,코스타리카
323,스카이택시,TE,폴란드
324,스카이하이 도미니카나,DO,도미니카공화국
325,스캇 항공,DV,카자흐스탄
326,스키퍼스 항공,HK,호주
327,스타 에어 인도,S5,인도
328,스타룩스 항공,JX,대만
329,스타보에어,4E,잠비아
330,스타이스트 항공,4R,루마니아
331,스타플라이어,7G,일본
332,스파이스 제트,SG,인도
333,스프린트 에어,P8,폴란드
334,시나몬 에어,C7,스리랑카
335,시닉 항공,YR,미합중국
336,시라크 항공,5G,아르메니아
337,시리아 항공,RB,시리아
338,시본 항공,BB,미국령버진아일랜드
339,시엘로스 항공,A2,페루
340,시티링크,QG,인도네시아
341,시티제트,WX,아일랜드
342,실버스톤 항공 서비스,K5,케냐
343,실크 아비아,US,우즈베키스탄
344,실트 에어,7E,독일
345,싱가포르 항공,SQ,싱가포르
346,썬익스프레스,XQ,튀르키예공화국
347,쓰촨 항공,3U,중국
348,씨에어 인터내셔널,XO,필리핀
349,아나 윙즈,EH,일본
350,아루바 항공,AG,아루바
351,아르메니아 에어웨이,6A,아르메니아
352,아리아나 아프간 항공,FG,아프가니스탄
353,아리크 항공,W3,나이지리아
354,아마쿠사 항공,MZ,일본
355,아메리라이트,A8,미합중국
356,아메리제트 인터내셔널,M6,미합중국
357,아메리칸 항공,AA,미합중국
358,아벨로항공,XP,미합중국
359,아비아 트래픽 컴퍼니,YK,키르기즈공화국
360,아비아스타-TU,4B,러시아
361,아비앙카 과테말라,GU,과테말라
362,아비앙카 아르헨티나,A0,아르헨티나
363,아비앙카 에콰도르,2K,에콰도르
364,아비앙카 엘살바도르,TA,엘살바도르
365,아비앙카 온두라스,WC,온두라스
366,아비앙카 카고,QT,콜롬비아
367,아비앙카 코스타리카,LR,코스타리카
368,아비앙카 항공,AV,콜롬비아
369,아비어 항공,9V,베네수엘라볼리바르
370,아비온 익스프레스 몰타,X8,몰타
371,아스카리 에비에이션,4K,파키스탄
372,아스키 항공,KP,토고
373,아스타 항공,0A,브라질
374,아스트랄 항공,8V,케냐
375,아에로 멕시코,AM,멕시코
376,아에로 유니온,6R,멕시코
377,아에로탁시 아베테,E4,브라질
378,아이벡스 항공,FW,일본
379,아이슬란드 항공,FI,아이슬란드
380,아이플라이,F7,러시아
381,아일랜드 에어 서비스,2O,미합중국
382,아젤바이잔 항공,J2,아제르바이잔
383,아조레스 항공,S4,포르투갈
384,아주르 항공,ZF,러시아
385,아줄 브라질 ,AD,브라질
386,아줄 코넥타,2F,브라질
387,아즈텍 항공,AJ,미합중국
388,아카사 항공,QP,인도
389,아트란,V8,러시아
390,아틀라스 에어,5Y,미합중국
391,아틀랜틱 에어웨이,RC,페로제도
392,아프리제트 비즈니스서비스,J7,가봉
393,아프리카 월드 항공,AW,가나
394,아프리카 익스프레스 에어웨이,XU,케냐
395,아프리카 항공 ,BU,콩고민주공화국
396,아프리키야 항공,8U,리비아
397,악락 항공,6L,캐나다
398,안데스리네아스애리아,O4,아르헨티나
399,알래스카 센트랄 익스프레스,KO,미합중국
400,알래스카 시플레인서비스,J5,미합중국
401,알래스카 항공,AS,미합중국
402,알래스카 항공 교통,JN,미합중국
403,알렉산드리아 항공,DQ,이집트
404,알로사 항공,6R,러시아
405,알로하 항공 화물,KH,미합중국
406,알류샨 항공,VC,미합중국
407,알리앙스 항공,QQ,호주
408,알바스타,AP,스페인
409,알파인 에어 익스프레스,5A,미합중국
410,앙공라 항공,2G,러시아
411,앙구일라 에어서비스,Q3,앵귈라
412,애니마윙스,A2,루마니아
413,앨키나 이스라엘 항공,IZ,이스라엘
414,야쿠티아 항공,R3,러시아
415,어드밴스드 에어,AN,미합중국
416,얼라이드 에어,4W,나이지리아
417,에게안 항공,A3,그리스
418,에델바이스 에어,WK,스위스
419,에메랄드항공 아일랜드,EA,아일랜드
420,에메테베,ET,에콰도르
421,에미레이트 항공,EK,아랍에미리트
422,에바 항공,BR,대만
423,에바스 항공,8K,캐나다
424,에버츠 항공 화물,5V,미합중국
425,에비에어,GD,호주
426,에어 구이린,GT,중국
427,에어 그린란드,GL,그린란드
428,에어 노스,4N,캐나다
429,에어 뉴기니,PX,파푸아뉴기니
430,에어 뉴질랜드,NZ,뉴질랜드
431,에어 돌로미티,EN,이탈리아
432,에어 라로통가,GZ,쿡제도
433,에어 리비아,7I,리비아
434,에어 링크,LZ,호주
435,에어 마냐스,ZM,키르기즈공화국
436,에어 마카오,NX,마카오
437,에어 말타,KM,몰타
438,에어 메디티라아난,MV,그리스
439,에어 모리셔스,MK,모리셔스
440,에어 몬테네그로,4O,몬테네그로
441,에어 바누아투,NF,바누아투
442,에어 벨기에,KF,벨기에
443,에어 부르키나,2J,부르키나파소
444,에어 생피에르,PJ,생피에르·미클롱
445,에어 세네갈,HC,세네갈
446,에어 세르비아,JU,세르비아
447,에어 센츄리 ,Y2,도미니카공화국
448,에어 시알,PF,파키스탄
449,에어 아라비아,G9,아랍에미리트
450,에어 아라비아 모로코,3O,모로코
451,에어 아라비아 아부다비,3L,아랍에미리트
452,에어 아라비아 이집트,E5,이집트
453,에어 아스타나,KC,카자흐스탄
454,에어 아스트라,2A,방글라데시
455,에어 알바니아,ZB,알바니아
456,에어 알시,6I,덴마크
457,에어 알제리,AH,알제리
458,에어 앙카,TZ,튀르키예공화국
459,에어 오스트랄,UU,레위니옹
460,에어 우르가,3N,우크라이나
461,에어 위스콘신,ZW,미합중국
462,에어 유로파 익스프레스,X5,스페인
463,에어 유로파 항공,UX,스페인
464,에어 인뉴이트,3H,캐나다
465,에어 인디아,AI,인도
466,에어 인디아 익스프레스,IX,인도
467,에어 지부티,DJ,지부티
468,에어 짐바브웨,UM,짐바브웨
469,에어 차트마스,3C,뉴질랜드
470,에어 초이스원,3E,미합중국
471,에어 카고캐리어,2Q,미합중국
472,에어 카라이브,TX,과들루프
473,에어 칼레도니,TY,뉴 칼레도니아
474,에어 캐나다,AC,캐나다
475,에어 캐나다 루즈,RV,캐나다
476,에어 커넥트 항공,KS,루마니아
477,에어 코트디부아르,HF,코트디부아르
478,에어 크리벡,YN,캐나다
479,에어 타히티 누이,TN,프랑스령 폴리네시아
480,에어 탄루윈,ST,미얀마
481,에어 트란삿,TS,캐나다
482,에어 트랜스포트 인터내셔널,8C,미합중국
483,에어 틴디,8T,캐나다
484,에어 파나마,7P,파나마
485,에어 프랑스,AF,프랑스
486,에어 플라맹고,F4,푸에르토리코
487,에어 피스,P4,나이지리아
488,에어 호라이즌,HT,스페인
489,에어 홍콩,LD,홍콩
490,에어 후한,AO,필리핀
491,에어노스,TL,호주
492,에어로 노마드,KA,키르기즈공화국
493,에어로 딜리,8G,동티모르
494,에어로 콘트렉트 항공,N2,나이지리아
495,에어로로직,3S,독일
496,에어로스탄,KW,키르기즈공화국
497,에어로트렌스카고,F5,몰도바
498,에어루스,ZV,멕시코
499,에어리탈리아,XZ,이탈리아
500,에어리프트 알래스카,K2,미합중국
501,에어링거스,EI,아일랜드
502,에어링구스리저널,EI,아일랜드
503,에어맥스 카고,X8,페루
504,에어발틱,BT,라트비아
505,에어버스 국제운송,4Y,프랑스
506,에어브리지카고 항공,RU,러시아
507,에어블루,PA,파키스탄
508,에어아시아,AK,말레이시아
509,에어아시아 엑스,D7,말레이시아
510,에어익스플로어,ED,슬로바키아
511,에어재팬,NQ,일본
512,에어카리베,JK,콜롬비아
513,에어카리베 페루,EF,페루
514,에어칼린,SB,뉴 칼레도니아
515,에어케냐,P2,케냐
516,에어허버항공,RE,몰타
517,에와 항공,ZD,마요트
518,에이젯,VF,튀르키예공화국
519,에코젯,8J,볼리비아
520,에티오피아 모잠비크 항공,ZU,모잠비크
521,에티오피아 항공,ET,에티오피아
522,에티하드 항공,EY,아랍에미리트
523,엔더버 항공,9E,미합중국
524,엔터 에어,E4,폴란드
525,엘리항공,EL,그리스
526,엘알 항공,LY,이스라엘
527,영국 항공,BA,영국
528,예메니아,IY,예멘
529,예티 항공,YT,네팔연방
530,오렌부르크 항공,O7,러시아
531,오로라 ,HZ,러시아
532,오리니 에어서비스,GR,건지
533,오리엔탈 에어 브리지,OC,일본
534,오리지날에어,OG,뉴질랜드
535,오릭스 에어서비스,UI,탄자니아
536,오만 에어,WY,오만
537,오스트리안 항공 ,OS,오스트리아
538,오야 국제항공,YI,리비아
539,오캐이 항공,BK,중국
540,올림픽 항공,OA,그리스
541,와모스 항공,EB,스페인
542,와사야 항공,WP,캐나다
543,요르단 항공,R5,요르단
544,우간다 항공 ,UR,우간다
545,우랄 항공,U6,러시아
546,우루무치 항공,UQ,중국
547,우즈베키스탄 항공,HY,우즈베키스탄
548,워보로우즈 에어 벤처스,4W,미합중국
549,원항공 SAU,OX,스페인
550,월드 아틀랜틱 항공,WL,미합중국
551,월드투플라이,2W,스페인
552,월드투플라이 포르투갈,3P,포르투갈
553,웨스턴 글로벌 항공,KD,미합중국
554,웨스트제트 ,WS,캐나다
555,위데뢰에 항공,WF,노르웨이
556,위즈 에어 ,W6,헝가리
557,위즈 에어 몰타,W4,몰타
558,위즈 에어 아부다비,5W,아랍에미리트
559,위즈 에어 영국,W9,영국
560,윙고 파나마,WH,파나마
561,윙즈 에어,IW,인도네시아
562,유나이티드 항공,UA,미합중국
563,유니 항공,B7,대만
564,유니월드에어카고,U7,파나마
565,유니크 에어,6U,아랍에미리트
566,유럽 항공 차터,H6,불가리아
567,유럽 화물항공,PS,영국
568,유로 애틀랜틱 항공,YU,포르투갈
569,유로 항공,Q4,스페인
570,유로윙스 유럽 리미티드,E6,몰타
571,유로윙즈,EW,독일
572,유얼웨이즈,YZ,독일
573,유엠 항공,UF,우크라이나
574,유테어 항공,UT,러시아
575,이-카고,RF,러시아
576,이르에어로,IO,러시아
577,이베로젯,E9,스페인
578,이베리아 익스프레스,I2,스페인
579,이베리아 항공,IB,스페인
580,이스타페타 항공,E7,멕시코
581,이스턴 에어웨이,T3,영국
582,이자비아,I8,러시아
583,이즈니스 항공,MG,몽골
584,이지 차터,RD,조지아
585,이지에어,7Z,퀴라소
586,이지젯,U2,영국
587,이지젯 유럽,EC,오스트리아
588,이집트항공,MS,이집트
589,이쿼플라이트,E7,콩고
590,인도네시아 에어아시아,QZ,인도네시아
591,인디고 항공,6E,인도
592,인디아원 에어,I7,인도
593,인티라 항공,8B,태국
594,일리암나 에어택시,V8,미합중국
595,일본 항공,JL,일본
596,일본 항공 커뮤터,JC,일본
597,일본 화물항공,KZ,일본
598,자지라항공,J9,쿠웨이트
599,잠보제트,JM,케냐
600,잠비아 항공,ZN,잠비아
601,장시 항공,RY,중국
602,장쑤 징동 화물항공,JG,중국
603,적도콩고항공,LC,콩고
604,전일본공수,NH,일본
605,제트 아비아,ZK,우크라이나
606,제트블루 항공,B6,미합중국
607,제트스마트 페루,JZ,페루
608,제트스타 아시아,3K,싱가포르
609,제트스타 일본,GK,일본
610,제트스타 항공,JQ,호주
611,조지아 항공,GH,조지아
612,주바 항공,6J,케냐
613,주바 항공 소말리아,3J,소말리아
614,준야오 항공,HO,중국
615,중국 남방 항공,CZ,중국
616,중국 남방 화물,CZ,중국
617,중국 노스웨스턴 국제항공 ,CO,중국
618,중국 동방 항공,MU,중국
619,중국 익스프레스 항공,G5,중국
620,중국 중앙 항공,I9,중국
621,중국 화물 항공,CK,중국
622,중화 항공,CI,대만
623,지멕스 항공,XM,스위스
624,지오스카이,D4,조지아
625,집 에어,ZG,일본
626,차터 에어 트랜스포트,VC,미합중국
627,챌린지 항공,X7,벨기에
628,챌린지 항공 IL,5C,이스라엘
629,천진 항공,GS,중국
630,체어항공 AG,GM,스위스
631,춘추 항공,9C,중국
632,충칭 항공,OQ,중국
633,칭다오 항공,QW,중국
634,카고 쓰리,C3,파나마
635,카고룩스 국제항공,CV,룩셈부르크
636,카고제트 항공,W8,캐나다
637,카나리플라이 항공,PM,스페인
638,카나트 샤크 항공,HH,우즈베키스탄
639,카리브 항공,BW,트리니다드토바고
640,카메룬 항공,QC,카메룬
641,카멕스항공,Z7,조지아
642,카자흐 항공,IQ,카자흐스탄
643,카타르 항공,QR,카타르
644,카페베르데 항공,VR,카보베르데
645,칼리타 에어,K4,미합중국
646,칼리타 차터,K9,미합중국
647,캄 에어,MO,캐나다
648,캄보디아 앙코르 항공,K6,캄보디아
649,캄보디아 항공,KR,캄보디아
650,캐나다 북부 항공,5T,캐나다
651,캐나다 제트라인,AU,캐나다
652,캐세이퍼시픽 항공,CX,홍콩
653,컨넥트 화물항공,6C,브라질
654,컨투어 항공,LF,미합중국
655,케냐 항공,KQ,케냐
656,케심 항공,QB,이란
657,케이맨 항공,KX,케이맨제도
658,케이프 항공,9K,미합중국
659,켄모어 에어,M5,미합중국
660,켄보렉 에어,4K,캐나다
661,코렌돈 네덜란드 항공,CD,네덜란드
662,코렌돈 항공,XC,튀르키예공화국
663,코렌돈 항공 유럽,XR,몰타
664,코르스에어,SS,프랑스
665,코미 아비아트랜스,KO,러시아
666,코스타리카 그린 항공,GW,코스타리카
667,코파 항공,CM,파나마
668,코파 항공 콜롬비아,P5,콜롬비아
669,코퍼레이트 에어 오스트레일리아,FC,호주
670,콘도르 플루그디엔스트,DE,독일
671,콘비아사,V0,베네수엘라볼리바르
672,콩고 항공,8Z,콩고민주공화국
673,콴타스 항공,QF,호주
674,쿠바 항공,CU,쿠바
675,쿠웨이트 항공,KU,쿠웨이트
676,쿤밍 항공,KY,중국
677,퀵젯 항공,QO,인도
678,퀸 빌키스 항공,QA,예멘
679,크라스아비아,KV,러시아
680,크로노스 항공,C8,적도기니
681,크로아티아 항공,OU,크로아티아
682,클릭 에어,VE,콜롬비아
683,키라임 에어,KG,미합중국
684,타나나 에어서비스,Z3,미합중국
685,타라 항공,TB,네팔연방
686,타르코 항공,3T,수단
687,타실리 항공,SF,알제리
688,타이 라이온 에어,SL,태국
689,타이 비엣젯 항공,VZ,태국
690,타이 에어아시아,FD,태국
691,타이 에어아시아 X,XJ,태국
692,타이 항공,TG,태국
693,타이거에어 타이완,IT,대만
694,타이탄 항공,ZT,영국
695,타이탄 항공 몰타,TM,몰타
696,타즈만 카고 항공,HJ,호주
697,타취안 항공,K3,미합중국
698,테일윈드 항공,TI,튀르키예공화국
699,테일윈드 항공 서비스,TQ,미합중국
700,투르피알 항공,T9,베네수엘라볼리바르
701,투스 항공,U8,키프로스
702,튀니지 항공,TU,튀니지
703,튀니지 항공 익스프레스,UG,튀니지
704,트랜스 몰디비안 항공,M8,몰디브
705,트랜스글로벌항공,T7,필리핀
706,트랜스누사 항공 서비스,8B,인도네시아
707,트랜스아비아,HV,네덜란드
708,트랜스아비아 프랑스,TO,프랑스
709,트랜스에어 세네갈,R2,세네갈
710,트레이드 항공,C3,크로아티아
711,트레이드윈드 항공,TJ,미합중국
712,트로픽 항공,9N,벨리즈
713,트리가나 에어,IL,인도네시아
714,트빌리시 항공,TD,조지아
715,트윈 제트,T7,프랑스
716,파노라마 항공,5P,우즈베키스탄
717,파라네어,ZP,파라과이
718,파스칸 항공,P6,캐나다
719,파키스탄 국제항공,PK,파키스탄
720,패션에어,OP,가나
721,팬퍼시픽 항공,8Y,필리핀
722,퍼블릭차터닷컴,P1,미합중국
723,퍼시픽 코스탈 항공,8P,캐나다
724,페가수스 항공,PC,튀르키예공화국
725,페덱스,FX,미합중국
726,페스트젯 짐바브웨,FN,짐바브웨
727,페트롤리움 에어 서비스,UF,이집트
728,포베다 항공,DP,러시아
729,포터 항공,PD,캐나다
730,포튜갈리아 항공,NI,포르투갈
731,폴라 에어 카고,PO,미합중국
732,푸마 항공,Z4,브라질
733,푸저우 항공,FU,중국
734,프라단 에어 익스프레스,6P,인도
735,프렌치 비,BF,프랑스
736,프론티어 항공,F9,미합중국
737,프리덤 II,FA,버뮤다
738,프리덤 항공,4F,케냐
739,프리미어 트랜스 에어,3X,미합중국
740,프리버드 유럽,MI,몰타
741,프리버드 항공,FH,튀르키예공화국
742,프리빌리지스타일,P6,스페인
743,프리시즌 항공서비스,PW,탄자니아
744,플라이 GTA 항공,SX,캐나다
745,플라이 나미비아,WV,나미비아
746,플라이 나스,XY,사우디아라비아
747,플라이 몬세라트,5M,몬트세랫
748,플라이 빅,S9,인도
749,플라이 아르나,G6,아르메니아
750,플라이 올웨이즈,8W,수리남
751,플라이 요르단,F0,요르단
752,플라이 원,5F,몰도바
753,플라이 진나,9P,파키스탄
754,플라이 펠리칸,FP,호주
755,플라이두바이,FZ,아랍에미리트
756,플라이본디,FO,아르헨티나
757,플라이어딜,F3,사우디아라비아
758,플라이원 아르메니아,3F,아르메니아
759,플라이투스카이,F6,불가리아
760,플라이트 링크,YS,탄자니아
761,플라이히바,D3,우즈베키스탄
762,플러스 울트라 항공,PU,스페인
763,플레이 항공,OG,아이슬란드
764,플렉스플라이트,W2,덴마크
765,피드 몬트 항공,PT,미합중국
766,피지 항공,FJ,피지
767,피치 항공,MM,일본
768,핀 에어,AY,핀란드
769,필리핀 그랜드캐년 헬리콥터,HI,미합중국
770,필리핀 에어아시아,Z2,필리핀
771,필리핀 항공,PR,필리핀
772,하와이안 항공,HA,미합중국
773,하이 플라이,5K,포르투갈
774,하이 플라이 몰타,3L,몰타
775,하이난 항공,HU,중국
776,하이버니언 항공,HG,아일랜드
777,하이스카이 루마니아,H4,루마니아
778,하이스카이 몰도바,H7,몰도바
779,한에어라인,HR,독일
780,허베이 항공,NS,중국
781,헤스톤 항공,HN,리투아니아
782,헬로젯,H3,루마니아
783,헬리제트 인터내셔널,JB,캐나다
784,헬베틱 항공,2L,스위스
785,홀리데이 유럽,5Q,불가리아
786,홀리데이 항공,HD,미합중국
787,홍콩 익스프레스,UO,홍콩
788,홍콩 항공,HX,홍콩
789,홍콩 화물항공,RH,홍콩
790,홍해 항공,RS,이집트
791,후지드림 항공,JH,일본
792,훈누 항공,MR,몽골
793,휴모 항공,HJ,우즈베키스탄
794,히말라야 항공,H9,네팔연방
795,힌터렌드 항공,OI,호주
