status,country,id,name,admin1,kind,raw_ko,en,lat,lng,wikidata,note
new,JP,kotohira,고토히라,가가와현,관광,고토히라정,Kotohira,34.1914,133.8233,Q1271483,
new,JP,naoshima,나오시마,가가와현,관광,나오시마정,Naoshima,34.4598,133.9956,Q1350060,
merge:takamatsu,JP,takamatsu,다카마쓰,가가와현,현청 소재지,다카마쓰시,Takamatsu,34.3428,134.0466,Q200707,
merge:kagoshima,JP,kagoshima,가고시마,가고시마현,현청 소재지,가고시마시,Kagoshima,31.5968,130.5571,Q15674,
new,JP,yakushima,야쿠시마,가고시마현,관광,야쿠시마정,Yakushima,30.3903,130.6515,Q1350724,
new,JP,ibusuki,이부스키,가고시마현,관광,이부스키시,Ibusuki,31.2528,130.6331,Q19712,
new,JP,kamakura,가마쿠라,가나가와현,관광,가마쿠라시,Kamakura,35.3192,139.5472,Q200267,
new,JP,yokohama,요코하마,가나가와현,현청 소재지,요코하마시,Yokohama,35.4503,139.6342,Q38283,
merge:hakone,JP,hakone,하코네,가나가와현,관광,하코네정,Hakone,35.2324,139.1069,Q671040,
new,JP,kochi,고치,고치현,현청 소재지,고치시,Kōchi-shi,33.5588,133.5312,Q200251,
new,JP,kyoto,교토,교토부,현청 소재지,교토시,Kyoto,35.0116,135.7681,Q34600,
new,JP,miyazu,미야즈,교토부,관광,미야즈시,Miyazu,35.5356,135.1955,Q846351,
new,JP,uji,우지,교토부,관광,우지시,Uji,34.8844,135.7998,Q326956,
new,JP,kumamoto,구마모토,구마모토현,현청 소재지,구마모토시,Kumamoto,32.803,130.7079,Q199889,
new,JP,aso,아소,구마모토현,관광,아소시,Aso,32.9521,131.1213,Q733681,
new,JP,kusatsu,구사쓰,군마현,관광,구사쓰정,Kusatsu,36.6207,138.5961,Q1358949,
new,JP,maebashi,마에바시,군마현,현청 소재지,마에바시시,Maebashi,36.3895,139.0634,Q201613,
new,JP,gero,게로,기후현,관광,게로시,Gero,35.8059,137.2441,Q819639,
new,JP,gifu,기후,기후현,현청 소재지,기후시,Gifu,35.4263,136.7594,Q45798,
new,JP,takayama,다카야마,기후현,관광,다카야마시,Takayama,36.146,137.2522,Q622594,
new,JP,shirakawa,시라카와,기후현,관광,시라카와촌,Shirakawa,36.2709,136.8986,Q1203744,
new,JP,karuizawa,가루이자와,나가노현,관광,가루이자와정,Karuizawa,36.3484,138.597,Q1012064,
new,JP,nagano,나가노,나가노현,현청 소재지,나가노시,Nagano,36.6487,138.1947,Q128849,
new,JP,matsumoto,마쓰모토,나가노현,관광,마쓰모토시,Matsumoto,36.238,137.972,Q213324,
new,JP,hakuba,하쿠바,나가노현,관광,하쿠바촌,Hakuba,36.6981,137.8619,Q1011157,
new,JP,nagasaki,나가사키,나가사키현,현청 소재지,나가사키시,Nagasaki,32.7495,129.8796,Q38234,
new,JP,sasebo,사세보,나가사키현,관광,사세보시,Sasebo,33.18,129.715,Q328000,
new,JP,nara,나라,나라현,현청 소재지,나라시,Nara,34.685,135.8048,Q169134,
new,JP,niigata,니가타,니가타현,현청 소재지,니가타시,Niigata,37.9162,139.0364,Q179691,
new,JP,toyama,도야마,도야마현,현청 소재지,도야마시,Toyama,36.5514,137.2986,Q204266,
new,JP,nikko,닛코,도치기현,관광,닛코시,Nikkō-shi,36.7198,139.6982,Q235753,
new,JP,utsunomiya,우쓰노미야,도치기현,현청 소재지,우쓰노미야시,Utsunomiya,36.5551,139.8826,Q200589,
merge:tokyo,JP,tokyo,도쿄,도쿄도,현청 소재지,도쿄,Tokyo,35.6839,139.7744,Q7473516,
new,JP,tokushima,도쿠시마,도쿠시마현,현청 소재지,도쿠시마시,Tokushima,34.0703,134.5549,Q207309,
new,JP,tottori,돗토리,돗토리현,현청 소재지,돗토리시,Tottori,35.4944,134.2216,Q200731,
merge:sendai,JP,sendai,센다이,미야기현,현청 소재지,센다이시,Sendai,38.2682,140.8694,Q46747,
new,JP,miyazaki,미야자키,미야자키현,현청 소재지,미야자키시,Miyazaki,31.9077,131.4202,Q204308,
new,JP,toba,도바,미에현,관광,도바시,Toba,34.4813,136.8434,Q819629,
new,JP,tsu,쓰,미에현,현청 소재지,쓰시,Tsu,34.7184,136.5058,Q203027,
new,JP,ise,이세,미에현,관광,이세시,Ise,34.4875,136.7093,Q328067,
new,JP,saga,사가,사가현,현청 소재지,사가시,Saga,33.2635,130.3008,Q209766,
new,JP,kawagoe,가와고에,사이타마현,관광,가와고에시,Kawagoe,35.9251,139.4858,Q319740,
new,JP,saitama,사이타마,사이타마현,현청 소재지,사이타마시,Saitama,35.8614,139.6456,Q134635,
new,JP,otsu,오쓰,시가현,현청 소재지,오쓰시,Otsu,35.0178,135.8548,Q202907,
new,JP,matsue,마쓰에,시마네현,현청 소재지,마쓰에시,Matsue,35.4681,133.0485,Q207321,
new,JP,izumo,이즈모,시마네현,관광,이즈모시,Izumo,35.4016,132.6854,Q825166,
new,JP,shimoda,시모다,시즈오카현,관광,시모다시,Shimoda,34.6795,138.9453,Q653402,
new,JP,shizuoka,시즈오카,시즈오카현,현청 소재지,시즈오카시,Shizuoka,34.9756,138.3825,Q174691,
new,JP,atami,아타미,시즈오카현,관광,아타미시,Atami,35.0963,139.0717,Q653364,
new,JP,ito,이토,시즈오카현,관광,이토시,Ito,34.9657,139.1019,Q721163,
new,JP,hamamatsu,하마마쓰,시즈오카현,관광,하마마쓰시,Hamamatsu,34.7109,137.7262,Q185125,
new,JP,aomori,아오모리,아오모리현,현청 소재지,아오모리시,Aomori,40.8228,140.7469,Q146790,
new,JP,hirosaki,히로사키,아오모리현,관광,히로사키시,Hirosaki,40.6031,140.4638,Q194087,
merge:nagoya,JP,nagoya,나고야,아이치현,현청 소재지,나고야시,Nagoya,35.1814,136.9064,Q11751,
new,JP,semboku,센보쿠,아키타현,관광,센보쿠시,Semboku,39.7001,140.7306,Q846877,
new,JP,akita,아키타,아키타현,현청 소재지,아키타시,Akita,39.7199,140.1026,Q17139,
new,JP,yamagata,야마가타,야마가타현,현청 소재지,야마가타시,Yamagata,38.2554,140.3396,Q205526,
new,JP,obanazawa,오바나자와,야마가타현,관광,오바나자와시,Obanazawa,38.6006,140.4057,Q846342,
new,JP,yamaguchi,야마구치,야마구치현,현청 소재지,야마구치시,Yamaguchi,34.178,131.4738,Q207876,
new,JP,kofu,고후,야마나시현,현청 소재지,고후시,Kofu,35.6621,138.5682,Q201932,
new,JP,fujiyoshida,후지요시다,야마나시현,관광,후지요시다시,Fujiyoshida,35.4875,138.8077,Q647508,
new,JP,fujikawaguchiko,후지카와구치코,야마나시현,관광,후지카와구치코정,Fujikawaguchiko,35.4973,138.7549,Q1004231,
new,JP,matsuyama,마쓰야마,에히메현,현청 소재지,마쓰야마시,Matsuyama,33.8392,132.7656,Q200022,
merge:osaka,JP,osaka,오사카,오사카부,현청 소재지,오사카시,Osaka,34.6938,135.5021,Q35765,
new,JP,beppu,벳푸,오이타현,관광,벳푸시,Beppu,33.2858,131.4528,Q273880,
new,JP,oita,오이타,오이타현,현청 소재지,오이타시,Ōita-shi,33.2396,131.6094,Q199609,
new,JP,kurashiki,구라시키,오카야마현,관광,구라시키시,Kurashiki,34.5851,133.7721,Q467487,
new,JP,okayama,오카야마,오카야마현,현청 소재지,오카야마시,Okayama,34.6551,133.9196,Q200078,
new,JP,nago,나고,오키나와현,관광,나고시,Nago,26.5916,127.9776,Q117604,
merge:okinawa,JP,okinawa,나하,오키나와현,현청 소재지,나하시,Naha,26.2122,127.6792,Q181966,
new,JP,miyakojima,미야코지마,오키나와현,관광,미야코지마시,Miyakojima,24.7901,125.2949,Q714636,
new,JP,onna,온나,오키나와현,관광,온나촌,Onna,26.4974,127.8536,Q1202976,
new,JP,ishigaki,이시가키,오키나와현,관광,이시가키시,Ishigaki,24.3445,124.1852,Q838366,
new,JP,koya,고야,와카야마현,관광,고야정,Kōya-chō,34.2161,135.5865,Q1346907,
new,JP,shirahama,시라하마,와카야마현,관광,시라하마정,Shirahama,33.6781,135.3481,Q1202728,
new,JP,wakayama,와카야마,와카야마현,현청 소재지,와카야마시,Wakayama,34.2304,135.1707,Q200747,
new,JP,mito,미토,이바라키현,현청 소재지,미토시,Mito,36.3658,140.4712,Q204249,
new,JP,kanazawa,가나자와,이시카와현,현청 소재지,가나자와시,Kanazawa,36.5611,136.6565,Q191130,
new,JP,morioka,모리오카,이와테현,현청 소재지,모리오카시,Morioka,39.7021,141.1545,Q200077,
new,JP,chiba,지바,지바현,현청 소재지,지바시,Chiba,35.6073,140.1064,Q170616,
new,JP,kushiro,구시로,홋카이도,관광,구시로시,Kushiro,42.9849,144.3817,Q271917,
new,JP,kutchan,굿찬,홋카이도,관광,굿찬정,Kutchan,42.9017,140.7589,Q1204596,
new,JP,noboribetsu,노보리베쓰,홋카이도,관광,노보리베쓰시,Noboribetsu,42.4128,141.1066,Q428989,
new,JP,niseko,니세코,홋카이도,관광,니세코정,Niseko,42.805,140.6879,Q1204586,
new,JP,biei,비에이,홋카이도,관광,비에이정,Biei,43.5883,142.4669,Q1355491,
merge:sapporo,JP,sapporo,삿포로,홋카이도,현청 소재지,삿포로시,Sapporo,43.0619,141.3544,Q37951,
new,JP,asahikawa,아사히카와,홋카이도,관광,아사히카와시,Asahikawa,43.7706,142.365,Q200740,
new,JP,obihiro,오비히로,홋카이도,관광,오비히로시,Obihiro,42.924,143.1961,Q177149,
new,JP,otaru,오타루,홋카이도,관광,오타루시,Otaru,43.1907,140.9944,Q242108,
new,JP,hakodate,하코다테,홋카이도,관광,하코다테시,Hakodate,41.7687,140.7289,Q26418,
new,JP,furano,후라노,홋카이도,관광,후라노시,Furano,43.342,142.3832,Q654738,
new,JP,kobe,고베,효고현,현청 소재지,고베시,Kobe,34.6902,135.1954,Q48320,
new,JP,toyooka,도요오카,효고현,관광,도요오카시,Toyooka,35.5445,134.8202,Q696388,
new,JP,himeji,히메지,효고현,관광,히메지시,Himeji,34.8152,134.6854,Q209801,
new,JP,aizuwakamatsu,아이즈와카마쓰,후쿠시마현,관광,아이즈와카마쓰시,Aizuwakamatsu,37.4948,139.9298,Q237699,
new,JP,fukushima,후쿠시마,후쿠시마현,현청 소재지,후쿠시마시,Fukushima,37.7608,140.4747,Q161176,
new,JP,kitakyushu,기타큐슈,후쿠오카현,관광,기타큐슈시,Kitakyūshū,33.8518,130.8466,Q188806,
new,JP,dazaifu,다자이후,후쿠오카현,관광,다자이후시,Dazaifu,33.5129,130.5238,Q728218,
merge:fukuoka,JP,fukuoka,후쿠오카,후쿠오카현,현청 소재지,후쿠오카시,Fukuoka,33.5901,130.4017,Q26600,
new,JP,fukui,후쿠이,후쿠이현,현청 소재지,후쿠이시,Fukui,36.0641,136.2196,Q201618,
new,JP,onomichi,오노미치,히로시마현,관광,오노미치시,Onomichi,34.4091,133.2054,Q696694,
new,JP,hatsukaichi,하쓰카이치,히로시마현,관광,하쓰카이치시,Hatsukaichi,34.3482,132.3316,Q736897,
merge:hiroshima,JP,hiroshima,히로시마,히로시마현,현청 소재지,히로시마시,Hiroshima,34.3852,132.4553,Q34664,
new,KR,gangneung,강릉,강원특별자치도,시,강릉시,Gangneung,37.7556,128.8961,Q42056,
new,KR,goseong-gangwon,고성(강원),강원특별자치도,군,고성군,Goseong County,38.3808,128.4697,Q50209,이름이 같은 곳이 있어 도·현을 붙임
new,KR,donghae,동해,강원특별자치도,시,동해시,Donghae City,37.5234,129.1136,Q42093,
new,KR,samcheok,삼척,강원특별자치도,시,삼척시,Samcheok,37.4406,129.1708,Q42102,
new,KR,sokcho,속초,강원특별자치도,시,속초시,Sokcho,38.2083,128.5911,Q42109,
new,KR,yanggu,양구,강원특별자치도,군,양구군,Yanggu County,38.1081,127.9894,Q50253,
new,KR,yangyang,양양,강원특별자치도,군,양양군,Yangyang County,38.0667,128.6167,Q50254,
new,KR,yeongwol,영월,강원특별자치도,군,영월군,Yeongwol County,37.1872,128.4733,Q50306,
new,KR,wonju,원주,강원특별자치도,시,원주시,Wonju,37.3417,127.9208,Q42131,
new,KR,inje,인제,강원특별자치도,군,인제군,Inje County,38.0675,128.1769,Q50318,
new,KR,jeongseon,정선,강원특별자치도,군,정선군,Jeongseon County,37.3792,128.6647,Q50323,
new,KR,cheorwon,철원,강원특별자치도,군,철원군,Cheorwon County,38.2439,127.4452,Q50329,
new,KR,chuncheon,춘천,강원특별자치도,시,춘천시,Chuncheon,37.8747,127.7342,Q42148,
new,KR,taebaek,태백,강원특별자치도,시,태백시,Taebaek,37.1731,128.9861,Q42150,
new,KR,pyeongchang,평창,강원특별자치도,군,평창군,Pyeongchang County,37.3689,128.3903,Q188624,
new,KR,hongcheon,홍천,강원특별자치도,군,홍천군,Hongcheon County,37.6925,127.88,Q50344,
new,KR,hwacheon,화천,강원특별자치도,군,화천군,Hwacheon County,38.1075,127.7144,Q50346,
new,KR,hoengseong,횡성,강원특별자치도,군,횡성군,Hoengseong County,37.4897,127.9875,Q50347,
new,KR,gapyeong,가평,경기도,군,가평군,Gapyeong County,37.8314,127.5139,Q50203,
new,KR,goyang,고양,경기도,시,고양시,Goyang,37.6564,126.835,Q42061,
new,KR,gwacheon,과천,경기도,시,과천시,Gwacheon,37.4289,126.9892,Q42064,
new,KR,gwangmyeong,광명,경기도,시,광명시,Gwangmyeong,37.4772,126.8664,Q42066,
new,KR,gwangju-gyeonggi,광주(경기),경기도,시,광주시,Gwangju,37.4092,127.2592,Q42069,이름이 같은 곳이 있어 도·현을 붙임
new,KR,guri,구리,경기도,시,구리시,Guri,37.5947,127.1428,Q42071,
new,KR,gunpo,군포,경기도,시,군포시,Gunpo,37.3675,126.9469,Q42075,
new,KR,gimpo,김포,경기도,시,김포시,Gimpo,37.6236,126.7142,Q42080,
new,KR,namyangju,남양주,경기도,시,남양주시,Namyangju,37.6367,127.2142,Q42084,
new,KR,dongducheon,동두천,경기도,시,동두천시,Dongducheon,37.9133,127.0633,Q42092,
new,KR,seongnam,성남,경기도,시,성남시,Seongnam,37.4386,127.1378,Q42108,
new,KR,suwon,수원,경기도,시,수원시,Suwon,37.2858,127.01,Q20714,
new,KR,siheung,시흥,경기도,시,시흥시,Siheung,37.3803,126.803,Q42113,
new,KR,anseong,안성,경기도,시,안성시,Anseong,37.0078,127.2797,Q42119,
new,KR,anyang,안양,경기도,시,안양시,Anyang,37.3925,126.9269,Q42120,
new,KR,yangju,양주,경기도,시,양주시,Yangju,37.7853,127.0458,Q42124,
new,KR,yangpyeong,양평,경기도,군,양평군,Yangpyeong County,37.4897,127.4903,Q50255,
new,KR,yeoju,여주,경기도,시,여주시,Yeoju,37.2939,127.6383,Q50257,
new,KR,yeoncheon,연천,경기도,군,연천군,Yeoncheon County,38.0942,127.0764,Q50258,
new,KR,osan,오산,경기도,시,오산시,Osan,37.145,127.0694,Q42129,
new,KR,uiwang,의왕,경기도,시,의왕시,Uiwang,37.3447,126.9683,Q42134,
new,KR,uijeongbu,의정부,경기도,시,의정부시,Uijeongbu,37.7486,127.0389,Q42135,
new,KR,icheon,이천,경기도,시,이천시,Icheon,37.2792,127.4425,Q42136,
new,KR,paju,파주,경기도,시,파주시,Paju,37.8328,126.8169,Q42153,
new,KR,pyeongtaek,평택,경기도,시,평택시,Pyeongtaek,36.9947,127.0889,Q42154,
new,KR,pocheon,포천,경기도,시,포천시,Pocheon,37.8944,127.1992,Q42155,
new,KR,hanam,하남,경기도,시,하남시,Hanam,37.5392,127.2147,Q42159,
new,KR,geoje,거제,경상남도,시,거제시,Geoje,34.8503,128.5886,Q42057,
new,KR,geochang,거창,경상남도,군,거창군,Geochang County,35.6861,127.9103,Q50206,
new,KR,goseong-gyeongnam,고성(경남),경상남도,군,고성군,Goseong County,34.9728,128.3236,Q50208,이름이 같은 곳이 있어 도·현을 붙임
new,KR,gimhae,김해,경상남도,시,김해시,Gimhae,35.2342,128.8811,Q42082,
new,KR,namhae,남해,경상남도,군,남해군,Namhae County,34.8394,127.8944,Q26123,
new,KR,miryang,밀양,경상남도,시,밀양시,Miryang,35.4933,128.7489,Q42096,
new,KR,sacheon,사천,경상남도,시,사천시,Sacheon,35.2347,128.3575,Q42100,
new,KR,sancheong,산청,경상남도,군,산청군,Sancheong County,35.4144,127.8744,Q50248,
new,KR,yangsan,양산,경상남도,시,양산시,Yangsan,35.3386,129.0386,Q42123,
new,KR,uiryeong,의령,경상남도,군,의령군,Uiryeong County,35.3192,128.2611,Q50316,
new,KR,jinju,진주,경상남도,시,진주시,Jinju,35.1928,128.0847,Q42144,
new,KR,changnyeong,창녕,경상남도,군,창녕군,Changnyeong County,35.5403,128.4994,Q50328,
new,KR,changwon,창원,경상남도,시,창원시,Changwon,35.2281,128.6811,Q243327,
new,KR,tongyeong,통영,경상남도,시,통영시,Tongyeong,34.8458,128.4236,Q42152,
new,KR,hadong,하동,경상남도,군,하동군,Hadong County,35.1363,127.7729,Q26212,
new,KR,haman,함안,경상남도,군,함안군,Haman County,35.2369,128.4214,Q50338,
new,KR,hamyang,함양,경상남도,군,함양군,Hamyang County,35.5183,127.7272,Q50339,
new,KR,hapcheon,합천,경상남도,군,합천군,Hapcheon County,35.5656,128.1594,Q50341,
new,KR,gyeongsan,경산,경상북도,시,경산시,Gyeongsan,35.8167,128.7333,Q42059,
new,KR,gyeongju,경주,경상북도,시,경주시,Gyeongju,35.85,129.2167,Q42097,
new,KR,goryeong,고령,경상북도,군,고령군,Goryeong County,35.7303,128.2689,Q50207,
new,KR,gumi,구미,경상북도,시,구미시,Gumi,36.21,128.3544,Q42073,
new,KR,gimcheon,김천,경상북도,시,김천시,Gimcheon,36.1192,128.1153,Q42078,
new,KR,mungyeong,문경,경상북도,시,문경시,Mungyeong,36.5939,128.2014,Q42095,
new,KR,bonghwa,봉화,경상북도,군,봉화군,Bonghwa County,36.8881,128.7464,Q50245,
new,KR,sangju,상주,경상북도,시,상주시,Sangju,36.4153,128.1606,Q42163,
new,KR,seongju,성주,경상북도,군,성주군,Seongju County,35.9178,128.2858,Q50250,
new,KR,andong,안동,경상북도,시,안동시,Andong,36.5656,128.725,Q42116,
new,KR,yeongdeok,영덕,경상북도,군,영덕군,Yeongdeok County,36.4813,129.3108,Q50260,
new,KR,yeongyang,영양,경상북도,군,영양군,Yeongyang County,36.6959,129.142,Q50263,
new,KR,yeongju,영주,경상북도,시,영주시,Yeongju,36.8217,128.6308,Q42126,
new,KR,yeongcheon,영천,경상북도,시,영천시,Yeongcheon,35.9733,128.9386,Q42128,
new,KR,yecheon,예천,경상북도,군,예천군,Yecheon County,36.6556,128.4569,Q50308,
new,KR,ulleung,울릉,경상북도,군,울릉군,Ulleung County,37.4833,130.9,Q485570,
new,KR,uljin,울진,경상북도,군,울진군,Uljin County,36.9833,129.3833,Q50314,
new,KR,uiseong,의성,경상북도,군,의성군,Uiseong County,36.35,128.6833,Q50317,
new,KR,cheongdo,청도,경상북도,군,청도군,Cheongdo County,35.6436,128.7431,Q50330,
new,KR,cheongsong,청송,경상북도,군,청송군,Cheongsong County,36.4328,129.06,Q50331,
new,KR,chilgok,칠곡,경상북도,군,칠곡군,Chilgok County,35.9944,128.3997,Q50334,
new,KR,pohang,포항,경상북도,시,포항시,Pohang,36.0322,129.365,Q42157,
new,KR,gwangju,광주,광주광역시,광역시,광주광역시,Gwangju,35.1667,126.9167,Q41283,Wikidata에 2026-07-01 해산(전남광주통합특별시)으로 기록 - 여행지 이름 '광주'로 유지
new,KR,gunwi,군위,대구광역시,군,군위군,Gunwi County,36.2347,128.5728,Q50215,
new,KR,dalseong,달성,대구광역시,군,달성군,Dalseong County,35.7667,128.4333,Q50239,
new,KR,daegu,대구,대구광역시,광역시,대구광역시,Daegu,35.8717,128.6017,Q20927,
new,KR,daejeon,대전,대전광역시,광역시,대전광역시,Daejeon,36.35,127.385,Q20921,
new,KR,gijang,기장,부산광역시,군,기장군,Gijang County,35.2972,129.2008,Q50217,
merge:busan,KR,busan,부산,부산광역시,광역시,부산광역시,Busan,35.18,129.075,Q16520,
merge:seoul,KR,seoul,서울,서울특별시,특별시,서울특별시,Seoul,37.56,126.99,Q8684,
new,KR,sejong,세종,세종특별자치시,특별자치시,세종특별자치시,Sejong,36.487,127.2822,Q20929,
new,KR,ulsan,울산,울산광역시,광역시,울산광역시,Ulsan,35.55,129.3167,Q41278,
new,KR,ulju,울주,울산광역시,군,울주군,Ulju County,35.54,129.2,Q50313,
new,KR,ganghwa,강화,인천광역시,군,강화군,Ganghwa County,37.7389,126.4894,Q50205,
new,KR,ongjin,옹진,인천광역시,군,옹진군,Ongjin County,37.2139,126.1783,Q50310,
new,KR,incheon,인천,인천광역시,광역시,인천광역시,Incheon,37.4639,126.6486,Q20934,
new,KR,gangjin,강진,전남광주통합특별시,군,강진군,Gangjin County,34.6406,126.77,Q50204,소속이 Wikidata 기준 전남광주통합특별시(2026-07-01~) - 표시는 '전남'
new,KR,goheung,고흥,전남광주통합특별시,군,고흥군,Goheung County,34.5833,127.3333,Q50211,소속이 Wikidata 기준 전남광주통합특별시(2026-07-01~) - 표시는 '전남'
new,KR,gokseong,곡성,전남광주통합특별시,군,곡성군,Gokseong County,35.2808,127.2953,Q50212,소속이 Wikidata 기준 전남광주통합특별시(2026-07-01~) - 표시는 '전남'
new,KR,gwangyang,광양,전남광주통합특별시,시,광양시,Gwangyang,34.9403,127.7017,Q42067,소속이 Wikidata 기준 전남광주통합특별시(2026-07-01~) - 표시는 '전남'
new,KR,gurye,구례,전남광주통합특별시,군,구례군,Gurye County,35.2094,127.4644,Q50214,소속이 Wikidata 기준 전남광주통합특별시(2026-07-01~) - 표시는 '전남'
new,KR,naju,나주,전남광주통합특별시,시,나주시,Naju,35.0283,126.7175,Q42083,소속이 Wikidata 기준 전남광주통합특별시(2026-07-01~) - 표시는 '전남'
new,KR,damyang,담양,전남광주통합특별시,군,담양군,Damyang County,35.3189,126.9839,Q50240,소속이 Wikidata 기준 전남광주통합특별시(2026-07-01~) - 표시는 '전남'
new,KR,mokpo,목포,전남광주통합특별시,시,목포시,Mokpo,34.7936,126.3886,Q42094,소속이 Wikidata 기준 전남광주통합특별시(2026-07-01~) - 표시는 '전남'
new,KR,muan,무안,전남광주통합특별시,군,무안군,Muan County,34.9897,126.4714,Q50241,소속이 Wikidata 기준 전남광주통합특별시(2026-07-01~) - 표시는 '전남'
new,KR,boseong,보성,전남광주통합특별시,군,보성군,Boseong County,34.7706,127.0817,Q50243,소속이 Wikidata 기준 전남광주통합특별시(2026-07-01~) - 표시는 '전남'
new,KR,suncheon,순천,전남광주통합특별시,시,순천시,Suncheon,34.9506,127.4875,Q42112,소속이 Wikidata 기준 전남광주통합특별시(2026-07-01~) - 표시는 '전남'
new,KR,sinan,신안,전남광주통합특별시,군,신안군,Sinan County,34.8311,126.0987,Q50252,소속이 Wikidata 기준 전남광주통합특별시(2026-07-01~) - 표시는 '전남'
new,KR,yeosu,여수,전남광주통합특별시,시,여수시,Yeosu,34.7607,127.6622,Q42125,소속이 Wikidata 기준 전남광주통합특별시(2026-07-01~) - 표시는 '전남'
new,KR,yeonggwang,영광,전남광주통합특별시,군,영광군,Yeonggwang County,35.275,126.5094,Q50259,소속이 Wikidata 기준 전남광주통합특별시(2026-07-01~) - 표시는 '전남'
new,KR,yeongam,영암,전남광주통합특별시,군,영암군,Yeongam County,34.7983,126.7,Q50262,소속이 Wikidata 기준 전남광주통합특별시(2026-07-01~) - 표시는 '전남'
new,KR,wando,완도,전남광주통합특별시,군,완도군,Wando County,34.3142,126.7531,Q50311,소속이 Wikidata 기준 전남광주통합특별시(2026-07-01~) - 표시는 '전남'
new,KR,jangseong,장성,전남광주통합특별시,군,장성군,Jangseong County,35.3273,126.7682,Q50320,소속이 Wikidata 기준 전남광주통합특별시(2026-07-01~) - 표시는 '전남'
new,KR,jangheung,장흥,전남광주통합특별시,군,장흥군,Jangheung County,34.6844,126.9075,Q50322,소속이 Wikidata 기준 전남광주통합특별시(2026-07-01~) - 표시는 '전남'
new,KR,jindo,진도,전남광주통합특별시,군,진도군,Jindo County,34.4831,126.2619,Q50325,소속이 Wikidata 기준 전남광주통합특별시(2026-07-01~) - 표시는 '전남'
new,KR,hampyeong,함평,전남광주통합특별시,군,함평군,Hampyeong County,35.1164,126.5322,Q50340,소속이 Wikidata 기준 전남광주통합특별시(2026-07-01~) - 표시는 '전남'
new,KR,haenam,해남,전남광주통합특별시,군,해남군,Haenam County,34.5742,126.5975,Q50342,소속이 Wikidata 기준 전남광주통합특별시(2026-07-01~) - 표시는 '전남'
new,KR,hwasun,화순,전남광주통합특별시,군,화순군,Hwasun County,35.0594,126.985,Q50345,소속이 Wikidata 기준 전남광주통합특별시(2026-07-01~) - 표시는 '전남'
new,KR,gochang,고창,전북특별자치도,군,고창군,Gochang County,35.4333,126.7,Q50210,
new,KR,gunsan,군산,전북특별자치도,시,군산시,Gunsan,35.9786,126.7114,Q42074,
new,KR,gimje,김제,전북특별자치도,시,김제시,Gimje,35.8017,126.8889,Q42077,
new,KR,namwon,남원,전북특별자치도,시,남원시,Namwon,35.41,127.3858,Q42087,
new,KR,muju,무주,전북특별자치도,군,무주군,Muju County,36.0069,127.6606,Q50242,
new,KR,buan,부안,전북특별자치도,군,부안군,Buan County,35.7281,126.7319,Q50246,
new,KR,sunchang,순창,전북특별자치도,군,순창군,Sunchang County,35.3736,127.1428,Q50251,
new,KR,wanju,완주,전북특별자치도,군,완주군,Wanju County,35.8914,127.2539,Q50312,
new,KR,iksan,익산,전북특별자치도,시,익산시,Iksan,35.9439,126.9544,Q42137,
new,KR,imsil,임실,전북특별자치도,군,임실군,Imsil County,35.6131,127.2794,Q50319,
new,KR,jangsu,장수,전북특별자치도,군,장수군,Jangsu County,35.6464,127.5194,Q50321,
new,KR,jeonju,전주,전북특별자치도,시,전주시,Jeonju,35.8239,127.1475,Q42140,
new,KR,jeongeup,정읍,전북특별자치도,시,정읍시,Jeongeup,35.5653,126.8561,Q42141,
new,KR,jinan,진안,전북특별자치도,군,진안군,Jinan County,35.7917,127.4253,Q50326,
new,KR,seogwipo,서귀포,제주특별자치도,시,서귀포시,Seogwipo,33.2497,126.56,Q42103,
merge:jeju,KR,jeju,제주,제주특별자치도,시,제주시,Jeju,33.5097,126.5219,Q42142,
new,KR,gyeryong,계룡,충청남도,시,계룡시,Gyeryong,36.2747,127.2489,Q42060,
new,KR,gongju,공주,충청남도,시,공주시,Gongju,36.4556,127.1247,Q42062,
new,KR,geumsan,금산,충청남도,군,금산군,Geumsan County,36.1031,127.4889,Q50216,
new,KR,nonsan,논산,충청남도,시,논산시,Nonsan,36.2039,127.0847,Q42088,
new,KR,dangjin,당진,충청남도,시,당진시,Dangjin,36.8944,126.6297,Q42089,
new,KR,boryeong,보령,충청남도,시,보령시,Boryeong,36.3333,126.6167,Q42098,
new,KR,buyeo,부여,충청남도,군,부여군,Buyeo County,36.2819,126.9125,Q50247,
new,KR,seosan,서산,충청남도,시,서산시,Seosan,36.7817,126.4522,Q42105,
new,KR,seocheon,서천,충청남도,군,서천군,Seocheon County,36.0803,126.6914,Q50249,
new,KR,asan,아산,충청남도,시,아산시,Asan,36.35,126.9167,Q42114,
new,KR,yesan,예산,충청남도,군,예산군,Yesan County,36.6792,126.845,Q50307,
new,KR,cheongyang,청양,충청남도,군,청양군,Cheongyang County,36.4459,126.8429,Q50332,
new,KR,taean,태안,충청남도,군,태안군,Taean County,36.7564,126.2978,Q50335,
new,KR,hongseong,홍성,충청남도,군,홍성군,Hongseong County,36.5994,126.6628,Q50343,
new,KR,goesan,괴산,충청북도,군,괴산군,Goesan County,36.8108,127.7947,Q50213,
new,KR,danyang,단양,충청북도,군,단양군,Danyang County,36.985,128.3628,Q50220,
new,KR,boeun,보은,충청북도,군,보은군,Boeun County,36.4844,127.7186,Q50244,
new,KR,yeongdong,영동,충청북도,군,영동군,Yeongdong County,36.175,127.7764,Q50261,
new,KR,okcheon,옥천,충청북도,군,옥천군,Okcheon County,36.3008,127.5686,Q50309,
new,KR,eumseong,음성,충청북도,군,음성군,Eumseong County,36.9353,127.6897,Q50315,
new,KR,jecheon,제천,충청북도,시,제천시,Jecheon,37.1361,128.2119,Q42143,
new,KR,jeungpyeong,증평,충청북도,군,증평군,Jeungpyeong County,36.7847,127.5819,Q50324,
new,KR,jincheon,진천,충청북도,군,진천군,Jincheon County,36.8567,127.4433,Q50327,
new,KR,cheongju,청주,충청북도,시,청주시,Cheongju,36.6372,127.4897,Q42147,
new,KR,chungju,충주,충청북도,시,충주시,Chungju,36.9706,127.9322,Q31094,
